Jurisdiction,Active,Recovered,Deaths,Date,Active and Recovered
WA,0.0,0.0,0,2021-10-06,0
Australia,342.0,1405.0,735,2021-10-06,1747
ACT,11.0,0.0,4,2021-10-06,11
NSW,286.0,69.0,65,2021-10-06,355
NT,0.0,0.0,0,2021-10-06,0
QLD,0.0,0.0,1,2021-10-06,0
SA,0.0,0.0,0,2021-10-06,0
TAS,0.0,0.0,1,2021-10-06,0
VIC,45.0,1336.0,664,2021-10-06,1381
TAS,0.0,0.0,1,2021-10-07,0
VIC,50.0,1336.0,666,2021-10-07,1386
ACT,10.0,0.0,5,2021-10-07,10
WA,0.0,0.0,0,2021-10-07,0
NT,0.0,0.0,0,2021-10-07,0
QLD,0.0,0.0,1,2021-10-07,0
Australia,342.0,1405.0,742,2021-10-07,1747
NSW,282.0,69.0,69,2021-10-07,351
SA,0.0,0.0,0,2021-10-07,0
WA,0.0,0.0,0,2021-10-08,0
VIC,52.0,1336.0,667,2021-10-08,1388
TAS,0.0,0.0,1,2021-10-08,0
SA,0.0,0.0,0,2021-10-08,0
NT,0.0,0.0,0,2021-10-08,0
NSW,275.0,81.0,70,2021-10-08,356
ACT,0.0,0.0,0,2021-10-08,0
Australia,337.0,1417.0,744,2021-10-08,1754
QLD,0.0,0.0,1,2021-10-08,0
NT,0.0,0.0,0,2021-10-09,0
ACT,0.0,0.0,0,2021-10-09,0
QLD,0.0,0.0,1,2021-10-09,0
SA,0.0,0.0,0,2021-10-09,0
NSW,275.0,81.0,70,2021-10-09,356
VIC,52.0,1336.0,667,2021-10-09,1388
TAS,0.0,0.0,1,2021-10-09,0
Australia,337.0,1417.0,744,2021-10-09,1754
WA,0.0,0.0,0,2021-10-09,0
WA,0.0,0.0,0,2021-10-10,0
VIC,52.0,1336.0,667,2021-10-10,1388
SA,0.0,0.0,0,2021-10-10,0
QLD,0.0,0.0,1,2021-10-10,0
NT,0.0,0.0,0,2021-10-10,0
NSW,275.0,81.0,70,2021-10-10,356
TAS,0.0,0.0,1,2021-10-10,0
Australia,337.0,1417.0,744,2021-10-10,1754
ACT,0.0,0.0,0,2021-10-10,0
VIC,89.0,1349.0,668,2021-10-11,1438
TAS,0.0,0.0,1,2021-10-11,0
Australia,386.0,1430.0,747,2021-10-11,1816
ACT,0.0,0.0,0,2021-10-11,0
NSW,287.0,81.0,72,2021-10-11,368
NT,0.0,0.0,0,2021-10-11,0
SA,0.0,0.0,0,2021-10-11,0
QLD,0.0,0.0,1,2021-10-11,0
WA,0.0,0.0,0,2021-10-11,0
WA,0.0,0.0,0,2021-10-12,0
ACT,0.0,0.0,0,2021-10-12,0
NSW,278.0,81.0,75,2021-10-12,359
NT,0.0,0.0,0,2021-10-12,0
QLD,0.0,0.0,1,2021-10-12,0
SA,0.0,0.0,0,2021-10-12,0
TAS,0.0,0.0,1,2021-10-12,0
VIC,103.0,1349.0,671,2021-10-12,1452
Australia,391.0,1430.0,753,2021-10-12,1821
VIC,103.0,1349.0,671,2021-10-13,1452
TAS,0.0,0.0,1,2021-10-13,0
SA,0.0,0.0,0,2021-10-13,0
WA,0.0,0.0,0,2021-10-13,0
NT,0.0,0.0,0,2021-10-13,0
NSW,278.0,81.0,75,2021-10-13,359
ACT,0.0,0.0,0,2021-10-13,0
QLD,0.0,0.0,1,2021-10-13,0
Australia,391.0,1430.0,753,2021-10-13,1821
WA,0.0,0.0,0,2021-10-14,0
TAS,0.0,0.0,1,2021-10-14,0
Australia,439.0,1430.0,758,2021-10-14,1869
ACT,9.0,0.0,6,2021-10-14,9
NSW,279.0,81.0,77,2021-10-14,360
NT,0.0,0.0,0,2021-10-14,0
QLD,0.0,0.0,1,2021-10-14,0
SA,0.0,0.0,0,2021-10-14,0
VIC,151.0,1349.0,673,2021-10-14,1500
TAS,0.0,0.0,1,2021-10-15,0
ACT,9.0,0.0,6,2021-10-15,9
NSW,278.0,81.0,78,2021-10-15,359
NT,0.0,0.0,0,2021-10-15,0
WA,0.0,0.0,0,2021-10-15,0
QLD,0.0,0.0,1,2021-10-15,0
SA,0.0,0.0,0,2021-10-15,0
VIC,173.0,1350.0,675,2021-10-15,1523
Australia,460.0,1431.0,761,2021-10-15,1891
WA,0.0,0.0,0,2021-10-16,0
TAS,0.0,0.0,1,2021-10-16,0
SA,0.0,0.0,0,2021-10-16,0
NT,0.0,0.0,0,2021-10-16,0
NSW,278.0,81.0,78,2021-10-16,359
ACT,9.0,0.0,6,2021-10-16,9
Australia,460.0,1431.0,761,2021-10-16,1891
VIC,173.0,1350.0,675,2021-10-16,1523
QLD,0.0,0.0,1,2021-10-16,0
ACT,9.0,0.0,6,2021-10-17,9
VIC,173.0,1350.0,675,2021-10-17,1523
TAS,0.0,0.0,1,2021-10-17,0
SA,0.0,0.0,0,2021-10-17,0
QLD,0.0,0.0,1,2021-10-17,0
NT,0.0,0.0,0,2021-10-17,0
NSW,278.0,81.0,78,2021-10-17,359
WA,0.0,0.0,0,2021-10-17,0
Australia,460.0,1431.0,761,2021-10-17,1891
WA,0.0,0.0,0,2021-10-18,0
TAS,0.0,0.0,1,2021-10-18,0
SA,0.0,0.0,0,2021-10-18,0
VIC,225.0,1350.0,677,2021-10-18,1575
QLD,0.0,0.0,1,2021-10-18,0
NT,0.0,0.0,0,2021-10-18,0
NSW,280.0,84.0,79,2021-10-18,364
ACT,8.0,0.0,7,2021-10-18,8
Australia,513.0,1434.0,765,2021-10-18,1947
NT,0.0,0.0,0,2021-10-19,0
Australia,524.0,1442.0,766,2021-10-19,1966
ACT,0.0,8.0,7,2021-10-19,8
NSW,284.0,84.0,79,2021-10-19,368
QLD,0.0,0.0,1,2021-10-19,0
SA,0.0,0.0,0,2021-10-19,0
TAS,0.0,0.0,1,2021-10-19,0
VIC,240.0,1350.0,678,2021-10-19,1590
WA,0.0,0.0,0,2021-10-19,0
WA,0.0,0.0,0,2021-10-20,0
VIC,269.0,1357.0,679,2021-10-20,1626
TAS,0.0,0.0,1,2021-10-20,0
SA,0.0,0.0,0,2021-10-20,0
QLD,0.0,0.0,1,2021-10-20,0
NT,0.0,0.0,0,2021-10-20,0
NSW,291.0,84.0,82,2021-10-20,375
ACT,0.0,8.0,7,2021-10-20,8
Australia,560.0,1449.0,770,2021-10-20,2009
NT,0.0,0.0,0,2021-10-21,0
ACT,0.0,8.0,7,2021-10-21,8
NSW,291.0,84.0,82,2021-10-21,375
QLD,0.0,0.0,1,2021-10-21,0
SA,0.0,0.0,0,2021-10-21,0
TAS,0.0,0.0,1,2021-10-21,0
VIC,269.0,1357.0,683,2021-10-21,1626
WA,0.0,0.0,0,2021-10-21,0
Australia,560.0,1449.0,774,2021-10-21,2009
Australia,560.0,1449.0,774,2021-10-22,2009
WA,0.0,0.0,0,2021-10-22,0
VIC,269.0,1357.0,683,2021-10-22,1626
TAS,0.0,0.0,1,2021-10-22,0
SA,0.0,0.0,0,2021-10-22,0
NT,0.0,0.0,0,2021-10-22,0
NSW,291.0,84.0,82,2021-10-22,375
ACT,0.0,8.0,7,2021-10-22,8
QLD,0.0,0.0,1,2021-10-22,0
ACT,0.0,8.0,7,2021-10-23,8
WA,0.0,0.0,0,2021-10-23,0
VIC,281.0,1357.0,684,2021-10-23,1638
TAS,0.0,0.0,1,2021-10-23,0
SA,0.0,0.0,0,2021-10-23,0
QLD,0.0,0.0,1,2021-10-23,0
NT,0.0,0.0,0,2021-10-23,0
NSW,291.0,84.0,83,2021-10-23,375
Australia,572.0,1449.0,776,2021-10-23,2021
Australia,572.0,1449.0,776,2021-10-24,2021
NSW,291.0,84.0,83,2021-10-24,375
NT,0.0,0.0,0,2021-10-24,0
QLD,0.0,0.0,1,2021-10-24,0
SA,0.0,0.0,0,2021-10-24,0
TAS,0.0,0.0,1,2021-10-24,0
VIC,281.0,1357.0,684,2021-10-24,1638
ACT,0.0,8.0,7,2021-10-24,8
WA,0.0,0.0,0,2021-10-24,0
ACT,0.0,8.0,7,2021-10-25,8
Australia,625.0,1455.0,778,2021-10-25,2080
NT,0.0,0.0,0,2021-10-25,0
QLD,0.0,0.0,1,2021-10-25,0
SA,0.0,0.0,0,2021-10-25,0
TAS,0.0,0.0,1,2021-10-25,0
VIC,325.0,1363.0,685,2021-10-25,1688
WA,0.0,0.0,0,2021-10-25,0
NSW,300.0,84.0,84,2021-10-25,384
NSW,304.0,84.0,84,2021-10-26,388
NT,0.0,0.0,0,2021-10-26,0
QLD,0.0,0.0,1,2021-10-26,0
SA,0.0,0.0,0,2021-10-26,0
TAS,0.0,0.0,1,2021-10-26,0
VIC,325.0,1368.0,688,2021-10-26,1693
WA,0.0,0.0,0,2021-10-26,0
Australia,629.0,1460.0,781,2021-10-26,2089
ACT,0.0,8.0,7,2021-10-26,8
WA,0.0,0.0,0,2021-10-27,0
TAS,0.0,0.0,1,2021-10-27,0
SA,0.0,0.0,0,2021-10-27,0
QLD,0.0,0.0,1,2021-10-27,0
VIC,334.0,1368.0,696,2021-10-27,1702
NSW,305.0,89.0,84,2021-10-27,394
ACT,0.0,8.0,7,2021-10-27,8
Australia,639.0,1465.0,789,2021-10-27,2104
NT,0.0,0.0,0,2021-10-27,0
WA,0.0,0.0,0,2021-10-28,0
SA,0.0,0.0,0,2021-10-28,0
QLD,0.0,0.0,1,2021-10-28,0
NSW,304.0,89.0,85,2021-10-28,393
ACT,0.0,8.0,7,2021-10-28,8
TAS,0.0,0.0,1,2021-10-28,0
Australia,657.0,1465.0,793,2021-10-28,2122
VIC,353.0,1368.0,699,2021-10-28,1721
NT,0.0,0.0,0,2021-10-28,0
VIC,359.0,1368.0,701,2021-10-29,1727
WA,0.0,0.0,0,2021-10-29,0
Australia,658.0,1465.0,797,2021-10-29,2123
ACT,0.0,8.0,7,2021-10-29,8
NSW,304.0,89.0,87,2021-10-29,393
NT,0.0,0.0,0,2021-10-29,0
QLD,0.0,0.0,1,2021-10-29,0
SA,0.0,0.0,0,2021-10-29,0
TAS,0.0,0.0,1,2021-10-29,0
Australia,658.0,1465.0,797,2021-10-30,2123
NSW,304.0,89.0,87,2021-10-30,393
NT,0.0,0.0,0,2021-10-30,0
QLD,0.0,0.0,1,2021-10-30,0
SA,0.0,0.0,0,2021-10-30,0
TAS,0.0,0.0,1,2021-10-30,0
VIC,359.0,1368.0,701,2021-10-30,1727
WA,0.0,0.0,0,2021-10-30,0
ACT,0.0,8.0,7,2021-10-30,8
VIC,359.0,1368.0,701,2021-10-31,1727
WA,0.0,0.0,0,2021-10-31,0
Australia,658.0,1465.0,797,2021-10-31,2123
ACT,0.0,8.0,7,2021-10-31,8
NSW,304.0,89.0,87,2021-10-31,393
NT,0.0,0.0,0,2021-10-31,0
QLD,0.0,0.0,1,2021-10-31,0
SA,0.0,0.0,0,2021-10-31,0
TAS,0.0,0.0,1,2021-10-31,0
NT,0.0,0.0,0,2021-11-01,0
QLD,0.0,0.0,1,2021-11-01,0
SA,0.0,0.0,0,2021-11-01,0
TAS,0.0,0.0,1,2021-11-01,0
VIC,391.0,1390.0,709,2021-11-01,1781
WA,0.0,0.0,0,2021-11-01,0
ACT,0.0,8.0,7,2021-11-01,8
NSW,306.0,89.0,88,2021-11-01,395
Australia,697.0,1487.0,806,2021-11-01,2184
VIC,402.0,1390.0,712,2021-11-02,1792
TAS,0.0,0.0,1,2021-11-02,0
SA,0.0,0.0,0,2021-11-02,0
QLD,0.0,0.0,1,2021-11-02,0
NT,0.0,0.0,0,2021-11-02,0
NSW,305.0,89.0,89,2021-11-02,394
ACT,0.0,8.0,7,2021-11-02,8
Australia,707.0,1487.0,810,2021-11-02,2194
WA,0.0,0.0,0,2021-11-02,0
WA,0.0,0.0,0,2021-11-03,0
SA,0.0,0.0,0,2021-11-03,0
TAS,0.0,0.0,1,2021-11-03,0
QLD,0.0,0.0,1,2021-11-03,0
VIC,387.0,1422.0,713,2021-11-03,1809
NSW,293.0,100.0,90,2021-11-03,393
ACT,0.0,8.0,7,2021-11-03,8
Australia,680.0,1530.0,812,2021-11-03,2210
NT,0.0,0.0,0,2021-11-03,0
SA,0.0,0.0,0,2021-11-04,0
QLD,0.0,0.0,1,2021-11-04,0
NT,0.0,0.0,0,2021-11-04,0
NSW,283.0,110.0,91,2021-11-04,393
ACT,0.0,8.0,7,2021-11-04,8
Australia,683.0,1548.0,815,2021-11-04,2231
WA,0.0,0.0,0,2021-11-04,0
VIC,400.0,1430.0,715,2021-11-04,1830
TAS,0.0,0.0,1,2021-11-04,0
TAS,0.0,0.0,1,2021-11-05,0
SA,0.0,0.0,0,2021-11-05,0
QLD,0.0,0.0,1,2021-11-05,0
NT,0.0,0.0,0,2021-11-05,0
ACT,0.0,8.0,7,2021-11-05,8
Australia,691.0,1550.0,819,2021-11-05,2241
WA,0.0,0.0,0,2021-11-05,0
VIC,410.0,1432.0,717,2021-11-05,1842
NSW,281.0,110.0,93,2021-11-05,391
WA,0.0,0.0,0,2021-11-06,0
TAS,0.0,0.0,1,2021-11-06,0
SA,0.0,0.0,0,2021-11-06,0
QLD,0.0,0.0,1,2021-11-06,0
NT,0.0,0.0,0,2021-11-06,0
NSW,281.0,110.0,93,2021-11-06,391
ACT,0.0,8.0,7,2021-11-06,8
Australia,691.0,1550.0,819,2021-11-06,2241
VIC,410.0,1432.0,717,2021-11-06,1842
Australia,691.0,1550.0,819,2021-11-07,2241
VIC,410.0,1432.0,717,2021-11-07,1842
TAS,0.0,0.0,1,2021-11-07,0
SA,0.0,0.0,0,2021-11-07,0
QLD,0.0,0.0,1,2021-11-07,0
NT,0.0,0.0,0,2021-11-07,0
NSW,281.0,110.0,93,2021-11-07,391
WA,0.0,0.0,0,2021-11-07,0
ACT,0.0,8.0,7,2021-11-07,8
Australia,700.0,1569.0,832,2021-11-08,2269
ACT,0.0,8.0,7,2021-11-08,8
NSW,279.0,110.0,95,2021-11-08,389
NT,0.0,0.0,0,2021-11-08,0
QLD,0.0,0.0,1,2021-11-08,0
SA,0.0,0.0,0,2021-11-08,0
TAS,0.0,0.0,1,2021-11-08,0
VIC,421.0,1451.0,728,2021-11-08,1872
WA,0.0,0.0,0,2021-11-08,0
TAS,0.0,0.0,1,2021-11-09,0
SA,0.0,0.0,0,2021-11-09,0
QLD,0.0,0.0,1,2021-11-09,0
Australia,693.0,1587.0,835,2021-11-09,2280
NSW,271.0,118.0,96,2021-11-09,389
ACT,0.0,8.0,7,2021-11-09,8
WA,0.0,0.0,0,2021-11-09,0
NT,0.0,0.0,0,2021-11-09,0
VIC,422.0,1461.0,730,2021-11-09,1883
Australia,710.0,1594.0,836,2021-11-10,2304
ACT,0.0,8.0,7,2021-11-10,8
NT,0.0,0.0,0,2021-11-10,0
QLD,0.0,0.0,1,2021-11-10,0
SA,0.0,0.0,0,2021-11-10,0
TAS,0.0,0.0,1,2021-11-10,0
VIC,440.0,1468.0,731,2021-11-10,1908
WA,0.0,0.0,0,2021-11-10,0
NSW,270.0,118.0,96,2021-11-10,388
ACT,0.0,8.0,7,2021-11-11,8
WA,0.0,0.0,0,2021-11-11,0
Australia,729.0,1596.0,838,2021-11-11,2325
VIC,452.0,1470.0,733,2021-11-11,1922
TAS,0.0,0.0,1,2021-11-11,0
SA,0.0,0.0,0,2021-11-11,0
QLD,0.0,0.0,1,2021-11-11,0
NT,0.0,0.0,0,2021-11-11,0
NSW,277.0,118.0,96,2021-11-11,395
SA,0.0,0.0,0,2021-11-12,0
NSW,277.0,118.0,96,2021-11-12,395
VIC,460.0,1473.0,734,2021-11-12,1933
ACT,0.0,8.0,7,2021-11-12,8
Australia,737.0,1599.0,839,2021-11-12,2336
WA,0.0,0.0,0,2021-11-12,0
NT,0.0,0.0,0,2021-11-12,0
TAS,0.0,0.0,1,2021-11-12,0
QLD,0.0,0.0,1,2021-11-12,0
VIC,460.0,1473.0,734,2021-11-13,1933
SA,0.0,0.0,0,2021-11-13,0
QLD,0.0,0.0,1,2021-11-13,0
NT,0.0,0.0,0,2021-11-13,0
NSW,277.0,118.0,96,2021-11-13,395
ACT,0.0,8.0,7,2021-11-13,8
Australia,737.0,1599.0,839,2021-11-13,2336
WA,0.0,0.0,0,2021-11-13,0
TAS,0.0,0.0,1,2021-11-13,0
WA,0.0,0.0,0,2021-11-14,0
VIC,460.0,1473.0,734,2021-11-14,1933
TAS,0.0,0.0,1,2021-11-14,0
SA,0.0,0.0,0,2021-11-14,0
NSW,277.0,118.0,96,2021-11-14,395
NT,0.0,0.0,0,2021-11-14,0
ACT,0.0,8.0,7,2021-11-14,8
Australia,737.0,1599.0,839,2021-11-14,2336
QLD,0.0,0.0,1,2021-11-14,0
NSW,276.0,118.0,97,2021-11-15,394
Australia,751.0,1611.0,843,2021-11-15,2362
ACT,1.0,8.0,7,2021-11-15,9
NT,0.0,0.0,0,2021-11-15,0
VIC,474.0,1485.0,737,2021-11-15,1959
SA,0.0,0.0,0,2021-11-15,0
TAS,0.0,0.0,1,2021-11-15,0
WA,0.0,0.0,0,2021-11-15,0
QLD,0.0,0.0,1,2021-11-15,0
Australia,767.0,1618.0,845,2021-11-16,2385
WA,0.0,0.0,0,2021-11-16,0
ACT,2.0,8.0,7,2021-11-16,10
NSW,276.0,118.0,98,2021-11-16,394
NT,0.0,0.0,0,2021-11-16,0
QLD,0.0,0.0,1,2021-11-16,0
SA,0.0,0.0,0,2021-11-16,0
TAS,0.0,0.0,1,2021-11-16,0
VIC,489.0,1492.0,738,2021-11-16,1981
ACT,2.0,8.0,7,2021-11-17,10
Australia,762.0,1647.0,846,2021-11-17,2409
WA,0.0,0.0,0,2021-11-17,0
VIC,484.0,1521.0,739,2021-11-17,2005
TAS,0.0,0.0,1,2021-11-17,0
SA,0.0,0.0,0,2021-11-17,0
QLD,0.0,0.0,1,2021-11-17,0
NT,0.0,0.0,0,2021-11-17,0
NSW,276.0,118.0,98,2021-11-17,394
SA,0.0,0.0,0,2021-11-18,0
Australia,722.0,1691.0,847,2021-11-18,2413
ACT,2.0,8.0,7,2021-11-18,10
NSW,276.0,118.0,98,2021-11-18,394
NT,0.0,0.0,0,2021-11-18,0
QLD,0.0,0.0,1,2021-11-18,0
WA,0.0,0.0,0,2021-11-18,0
VIC,444.0,1565.0,740,2021-11-18,2009
TAS,0.0,0.0,1,2021-11-18,0
QLD,0.0,0.0,1,2021-11-19,0
NSW,276.0,118.0,98,2021-11-19,394
ACT,2.0,8.0,7,2021-11-19,10
Australia,734.0,1698.0,848,2021-11-19,2432
NT,0.0,0.0,0,2021-11-19,0
SA,0.0,0.0,0,2021-11-19,0
VIC,455.0,1572.0,741,2021-11-19,2027
WA,0.0,0.0,0,2021-11-19,0
TAS,0.0,0.0,1,2021-11-19,0
Australia,734.0,1698.0,848,2021-11-20,2432
SA,0.0,0.0,0,2021-11-20,0
QLD,0.0,0.0,1,2021-11-20,0
NT,0.0,0.0,0,2021-11-20,0
NSW,276.0,118.0,98,2021-11-20,394
ACT,2.0,8.0,7,2021-11-20,10
WA,0.0,0.0,0,2021-11-20,0
TAS,0.0,0.0,1,2021-11-20,0
VIC,455.0,1572.0,741,2021-11-20,2027
WA,0.0,0.0,0,2021-11-21,0
TAS,0.0,0.0,1,2021-11-21,0
SA,0.0,0.0,0,2021-11-21,0
QLD,0.0,0.0,1,2021-11-21,0
VIC,455.0,1572.0,741,2021-11-21,2027
NSW,276.0,118.0,98,2021-11-21,394
ACT,2.0,8.0,7,2021-11-21,10
Australia,734.0,1698.0,848,2021-11-21,2432
NT,0.0,0.0,0,2021-11-21,0
SA,0.0,0.0,0,2021-11-22,0
WA,0.0,0.0,0,2021-11-22,0
QLD,0.0,0.0,1,2021-11-22,0
NT,0.0,0.0,0,2021-11-22,0
NSW,276.0,118.0,98,2021-11-22,394
ACT,4.0,8.0,7,2021-11-22,12
Australia,722.0,1735.0,858,2021-11-22,2457
VIC,442.0,1609.0,751,2021-11-22,2051
TAS,0.0,0.0,1,2021-11-22,0
Australia,724.0,1740.0,858,2021-11-23,2464
ACT,4.0,8.0,7,2021-11-23,12
WA,0.0,0.0,0,2021-11-23,0
QLD,0.0,0.0,1,2021-11-23,0
SA,0.0,0.0,0,2021-11-23,0
VIC,444.0,1614.0,751,2021-11-23,2058
NT,0.0,0.0,0,2021-11-23,0
NSW,276.0,118.0,98,2021-11-23,394
TAS,0.0,0.0,1,2021-11-23,0
NSW,271.0,122.0,99,2021-11-24,393
WA,0.0,0.0,0,2021-11-24,0
VIC,462.0,1624.0,754,2021-11-24,2086
TAS,0.0,0.0,1,2021-11-24,0
SA,0.0,0.0,0,2021-11-24,0
QLD,0.0,0.0,1,2021-11-24,0
Australia,737.0,1754.0,862,2021-11-24,2491
NT,0.0,0.0,0,2021-11-24,0
ACT,4.0,8.0,7,2021-11-24,12
WA,0.0,0.0,0,2021-11-25,0
SA,0.0,0.0,0,2021-11-25,0
QLD,0.0,0.0,1,2021-11-25,0
NT,0.0,0.0,0,2021-11-25,0
NSW,273.0,122.0,99,2021-11-25,395
ACT,4.0,8.0,7,2021-11-25,12
Australia,748.0,1755.0,865,2021-11-25,2503
VIC,471.0,1625.0,757,2021-11-25,2096
TAS,0.0,0.0,1,2021-11-25,0
Australia,765.0,1755.0,867,2021-11-26,2520
ACT,4.0,8.0,7,2021-11-26,12
NSW,274.0,122.0,99,2021-11-26,396
WA,0.0,0.0,0,2021-11-26,0
VIC,487.0,1625.0,759,2021-11-26,2112
TAS,0.0,0.0,1,2021-11-26,0
SA,0.0,0.0,0,2021-11-26,0
QLD,0.0,0.0,1,2021-11-26,0
NT,0.0,0.0,0,2021-11-26,0
TAS,0.0,0.0,1,2021-11-27,0
SA,0.0,0.0,0,2021-11-27,0
QLD,0.0,0.0,1,2021-11-27,0
NT,0.0,0.0,0,2021-11-27,0
Australia,765.0,1755.0,867,2021-11-27,2520
ACT,4.0,8.0,7,2021-11-27,12
VIC,487.0,1625.0,759,2021-11-27,2112
NSW,274.0,122.0,99,2021-11-27,396
WA,0.0,0.0,0,2021-11-27,0
ACT,4.0,8.0,7,2021-11-28,12
NSW,274.0,122.0,99,2021-11-28,396
NT,0.0,0.0,0,2021-11-28,0
QLD,0.0,0.0,1,2021-11-28,0
SA,0.0,0.0,0,2021-11-28,0
TAS,0.0,0.0,1,2021-11-28,0
VIC,487.0,1625.0,759,2021-11-28,2112
Australia,765.0,1755.0,867,2021-11-28,2520
WA,0.0,0.0,0,2021-11-28,0
Australia,768.0,1757.0,872,2021-11-29,2525
ACT,4.0,8.0,7,2021-11-29,12
NSW,276.0,122.0,99,2021-11-29,398
NT,0.0,0.0,0,2021-11-29,0
SA,0.0,0.0,0,2021-11-29,0
TAS,0.0,0.0,1,2021-11-29,0
VIC,488.0,1627.0,764,2021-11-29,2115
WA,0.0,0.0,0,2021-11-29,0
QLD,0.0,0.0,1,2021-11-29,0
WA,0.0,0.0,0,2021-11-30,0
TAS,0.0,0.0,1,2021-11-30,0
SA,0.0,0.0,0,2021-11-30,0
QLD,0.0,0.0,1,2021-11-30,0
VIC,473.0,1648.0,765,2021-11-30,2121
NT,0.0,0.0,0,2021-11-30,0
NSW,276.0,122.0,99,2021-11-30,398
ACT,4.0,8.0,7,2021-11-30,12
Australia,753.0,1778.0,873,2021-11-30,2531
WA,0.0,0.0,0,2021-12-01,0
ACT,4.0,8.0,7,2021-12-01,12
VIC,478.0,1653.0,766,2021-12-01,2131
TAS,0.0,0.0,1,2021-12-01,0
SA,0.0,0.0,0,2021-12-01,0
QLD,0.0,0.0,1,2021-12-01,0
NT,0.0,0.0,0,2021-12-01,0
NSW,276.0,122.0,99,2021-12-01,398
Australia,758.0,1783.0,874,2021-12-01,2541
WA,0.0,0.0,0,2021-12-02,0
ACT,4.0,8.0,7,2021-12-02,12
TAS,0.0,0.0,1,2021-12-02,0
SA,0.0,0.0,0,2021-12-02,0
Australia,730.0,1813.0,874,2021-12-02,2543
QLD,0.0,0.0,1,2021-12-02,0
VIC,450.0,1683.0,766,2021-12-02,2133
NSW,276.0,122.0,99,2021-12-02,398
NT,0.0,0.0,0,2021-12-02,0
Australia,761.0,1813.0,877,2021-12-03,2574
ACT,4.0,8.0,7,2021-12-03,12
NSW,277.0,122.0,99,2021-12-03,399
NT,0.0,0.0,0,2021-12-03,0
QLD,0.0,0.0,1,2021-12-03,0
TAS,0.0,0.0,1,2021-12-03,0
SA,0.0,0.0,0,2021-12-03,0
WA,0.0,0.0,0,2021-12-03,0
VIC,480.0,1683.0,769,2021-12-03,2163
Australia,761.0,1813.0,877,2021-12-04,2574
WA,0.0,0.0,0,2021-12-04,0
VIC,480.0,1683.0,769,2021-12-04,2163
SA,0.0,0.0,0,2021-12-04,0
QLD,0.0,0.0,1,2021-12-04,0
TAS,0.0,0.0,1,2021-12-04,0
NSW,277.0,122.0,99,2021-12-04,399
ACT,4.0,8.0,7,2021-12-04,12
NT,0.0,0.0,0,2021-12-04,0
TAS,0.0,0.0,1,2021-12-05,0
NSW,277.0,122.0,99,2021-12-05,399
ACT,4.0,8.0,7,2021-12-05,12
Australia,761.0,1813.0,877,2021-12-05,2574
WA,0.0,0.0,0,2021-12-05,0
NT,0.0,0.0,0,2021-12-05,0
QLD,0.0,0.0,1,2021-12-05,0
SA,0.0,0.0,0,2021-12-05,0
VIC,480.0,1683.0,769,2021-12-05,2163
ACT,4.0,8.0,7,2021-12-06,12
NSW,303.0,122.0,99,2021-12-06,425
Australia,798.0,1816.0,882,2021-12-06,2614
QLD,0.0,0.0,1,2021-12-06,0
SA,0.0,0.0,0,2021-12-06,0
VIC,491.0,1686.0,774,2021-12-06,2177
TAS,0.0,0.0,1,2021-12-06,0
WA,0.0,0.0,0,2021-12-06,0
NT,0.0,0.0,0,2021-12-06,0
VIC,487.0,1710.0,775,2021-12-07,2197
WA,0.0,0.0,0,2021-12-07,0
SA,0.0,0.0,0,2021-12-07,0
NT,0.0,0.0,0,2021-12-07,0
NSW,305.0,122.0,100,2021-12-07,427
ACT,4.0,8.0,7,2021-12-07,12
TAS,0.0,0.0,1,2021-12-07,0
Australia,796.0,1840.0,884,2021-12-07,2636
QLD,0.0,0.0,1,2021-12-07,0
Australia,809.0,1840.0,885,2021-12-08,2649
ACT,4.0,8.0,7,2021-12-08,12
NSW,305.0,122.0,101,2021-12-08,427
QLD,0.0,0.0,1,2021-12-08,0
NT,0.0,0.0,0,2021-12-08,0
TAS,0.0,0.0,1,2021-12-08,0
VIC,500.0,1710.0,775,2021-12-08,2210
WA,0.0,0.0,0,2021-12-08,0
SA,0.0,0.0,0,2021-12-08,0
TAS,0.0,0.0,1,2021-12-09,0
VIC,503.0,1712.0,776,2021-12-09,2215
WA,0.0,0.0,0,2021-12-09,0
Australia,814.0,1842.0,886,2021-12-09,2656
ACT,4.0,8.0,7,2021-12-09,12
NSW,307.0,122.0,101,2021-12-09,429
NT,0.0,0.0,0,2021-12-09,0
QLD,0.0,0.0,1,2021-12-09,0
SA,0.0,0.0,0,2021-12-09,0
TAS,0.0,0.0,1,2021-12-10,0
WA,0.0,0.0,0,2021-12-10,0
VIC,515.0,1717.0,777,2021-12-10,2232
SA,0.0,0.0,0,2021-12-10,0
QLD,0.0,0.0,1,2021-12-10,0
NT,0.0,0.0,0,2021-12-10,0
NSW,307.0,122.0,101,2021-12-10,429
ACT,4.0,8.0,7,2021-12-10,12
Australia,826.0,1847.0,887,2021-12-10,2673
WA,0.0,0.0,0,2021-12-11,0
VIC,515.0,1717.0,777,2021-12-11,2232
TAS,0.0,0.0,1,2021-12-11,0
SA,0.0,0.0,0,2021-12-11,0
Australia,826.0,1847.0,887,2021-12-11,2673
NT,0.0,0.0,0,2021-12-11,0
ACT,4.0,8.0,7,2021-12-11,12
NSW,307.0,122.0,101,2021-12-11,429
QLD,0.0,0.0,1,2021-12-11,0
Australia,826.0,1847.0,887,2021-12-12,2673
ACT,4.0,8.0,7,2021-12-12,12
QLD,0.0,0.0,1,2021-12-12,0
NSW,307.0,122.0,101,2021-12-12,429
NT,0.0,0.0,0,2021-12-12,0
WA,0.0,0.0,0,2021-12-12,0
SA,0.0,0.0,0,2021-12-12,0
TAS,0.0,0.0,1,2021-12-12,0
VIC,515.0,1717.0,777,2021-12-12,2232
Australia,827.0,1868.0,889,2021-12-13,2695
WA,0.0,0.0,0,2021-12-13,0
VIC,512.0,1738.0,778,2021-12-13,2250
TAS,0.0,0.0,1,2021-12-13,0
SA,0.0,0.0,0,2021-12-13,0
NT,0.0,0.0,0,2021-12-13,0
NSW,311.0,122.0,102,2021-12-13,433
ACT,4.0,8.0,7,2021-12-13,12
QLD,0.0,0.0,1,2021-12-13,0
ACT,4.0,8.0,7,2021-12-14,12
Australia,837.0,1871.0,889,2021-12-14,2708
QLD,0.0,0.0,1,2021-12-14,0
NSW,311.0,122.0,102,2021-12-14,433
NT,0.0,0.0,0,2021-12-14,0
VIC,522.0,1741.0,778,2021-12-14,2263
SA,0.0,0.0,0,2021-12-14,0
WA,0.0,0.0,0,2021-12-14,0
TAS,0.0,0.0,1,2021-12-14,0
SA,0.0,0.0,0,2021-12-15,0
TAS,0.0,0.0,1,2021-12-15,0
VIC,487.0,1782.0,779,2021-12-15,2269
WA,0.0,0.0,0,2021-12-15,0
ACT,4.0,8.0,7,2021-12-15,12
Australia,801.0,1912.0,891,2021-12-15,2713
NSW,310.0,122.0,103,2021-12-15,432
QLD,0.0,0.0,1,2021-12-15,0
NT,0.0,0.0,0,2021-12-15,0
NSW,316.0,122.0,103,2021-12-16,438
Australia,814.0,1913.0,891,2021-12-16,2727
NT,0.0,0.0,0,2021-12-16,0
QLD,0.0,0.0,1,2021-12-16,0
SA,0.0,0.0,0,2021-12-16,0
TAS,0.0,0.0,1,2021-12-16,0
ACT,4.0,8.0,7,2021-12-16,12
WA,0.0,0.0,0,2021-12-16,0
VIC,494.0,1783.0,779,2021-12-16,2277
VIC,500.0,1786.0,779,2021-12-17,2286
Australia,821.0,1916.0,891,2021-12-17,2737
ACT,4.0,8.0,7,2021-12-17,12
NSW,317.0,122.0,103,2021-12-17,439
NT,0.0,0.0,0,2021-12-17,0
WA,0.0,0.0,0,2021-12-17,0
QLD,0.0,0.0,1,2021-12-17,0
SA,0.0,0.0,0,2021-12-17,0
TAS,0.0,0.0,1,2021-12-17,0
ACT,4.0,8.0,7,2021-12-18,12
WA,0.0,0.0,0,2021-12-18,0
VIC,500.0,1786.0,779,2021-12-18,2286
TAS,0.0,0.0,1,2021-12-18,0
SA,0.0,0.0,0,2021-12-18,0
QLD,0.0,0.0,1,2021-12-18,0
NSW,317.0,122.0,103,2021-12-18,439
Australia,821.0,1916.0,891,2021-12-18,2737
NT,0.0,0.0,0,2021-12-18,0
SA,0.0,0.0,0,2021-12-19,0
Australia,821.0,1916.0,891,2021-12-19,2737
ACT,4.0,8.0,7,2021-12-19,12
NSW,317.0,122.0,103,2021-12-19,439
NT,0.0,0.0,0,2021-12-19,0
QLD,0.0,0.0,1,2021-12-19,0
TAS,0.0,0.0,1,2021-12-19,0
VIC,500.0,1786.0,779,2021-12-19,2286
WA,0.0,0.0,0,2021-12-19,0
Australia,868.0,1916.0,894,2021-12-20,2784
ACT,4.0,8.0,7,2021-12-20,12
NSW,346.0,122.0,104,2021-12-20,468
NT,0.0,0.0,0,2021-12-20,0
QLD,0.0,0.0,1,2021-12-20,0
SA,0.0,0.0,0,2021-12-20,0
TAS,0.0,0.0,1,2021-12-20,0
VIC,517.0,1786.0,781,2021-12-20,2303
WA,0.0,0.0,0,2021-12-20,0
Australia,894.0,1919.0,897,2021-12-21,2813
ACT,4.0,8.0,7,2021-12-21,12
NSW,370.0,122.0,105,2021-12-21,492
NT,0.0,0.0,0,2021-12-21,0
QLD,0.0,0.0,1,2021-12-21,0
SA,0.0,0.0,0,2021-12-21,0
TAS,0.0,0.0,1,2021-12-21,0
VIC,519.0,1789.0,783,2021-12-21,2308
WA,0.0,0.0,0,2021-12-21,0
WA,0.0,0.0,0,2021-12-22,0
VIC,519.0,1789.0,783,2021-12-22,2308
TAS,0.0,0.0,1,2021-12-22,0
SA,0.0,0.0,0,2021-12-22,0
QLD,0.0,0.0,1,2021-12-22,0
NT,0.0,0.0,0,2021-12-22,0
NSW,370.0,122.0,105,2021-12-22,492
ACT,4.0,8.0,7,2021-12-22,12
Australia,894.0,1919.0,897,2021-12-22,2813
Australia,931.0,1948.0,905,2021-12-24,2879
ACT,4.0,8.0,7,2021-12-24,12
NSW,404.0,122.0,106,2021-12-24,526
NT,0.0,0.0,0,2021-12-24,0
WA,0.0,0.0,0,2021-12-24,0
SA,0.0,0.0,0,2021-12-24,0
TAS,0.0,0.0,1,2021-12-24,0
VIC,505.0,1818.0,790,2021-12-24,2323
QLD,0.0,0.0,1,2021-12-24,0
WA,0.0,0.0,0,2021-12-25,0
VIC,505.0,1818.0,790,2021-12-25,2323
TAS,0.0,0.0,1,2021-12-25,0
SA,0.0,0.0,0,2021-12-25,0
QLD,0.0,0.0,1,2021-12-25,0
NT,0.0,0.0,0,2021-12-25,0
NSW,404.0,122.0,106,2021-12-25,526
ACT,4.0,8.0,7,2021-12-25,12
Australia,931.0,1948.0,905,2021-12-25,2879
VIC,505.0,1818.0,790,2021-12-26,2323
ACT,4.0,8.0,7,2021-12-26,12
Australia,931.0,1948.0,905,2021-12-26,2879
WA,0.0,0.0,0,2021-12-26,0
TAS,0.0,0.0,1,2021-12-26,0
SA,0.0,0.0,0,2021-12-26,0
NT,0.0,0.0,0,2021-12-26,0
NSW,404.0,122.0,106,2021-12-26,526
QLD,0.0,0.0,1,2021-12-26,0
Australia,998.0,1950.0,909,2021-12-27,2948
NT,0.0,0.0,0,2021-12-27,0
WA,0.0,0.0,0,2021-12-27,0
ACT,4.0,8.0,7,2021-12-27,12
VIC,515.0,1820.0,792,2021-12-27,2335
TAS,0.0,0.0,1,2021-12-27,0
SA,0.0,0.0,0,2021-12-27,0
QLD,2.0,0.0,1,2021-12-27,2
NSW,442.0,122.0,107,2021-12-27,564
ACT,4.0,8.0,7,2021-12-28,12
NSW,472.0,122.0,107,2021-12-28,594
NT,0.0,0.0,0,2021-12-28,0
QLD,4.0,0.0,1,2021-12-28,4
SA,0.0,0.0,0,2021-12-28,0
TAS,0.0,0.0,1,2021-12-28,0
Australia,1037.0,1950.0,909,2021-12-28,2987
VIC,518.0,1820.0,792,2021-12-28,2338
WA,0.0,0.0,0,2021-12-28,0
VIC,529.0,1820.0,792,2021-12-29,2349
TAS,0.0,0.0,1,2021-12-29,0
SA,0.0,0.0,0,2021-12-29,0
QLD,9.0,0.0,1,2021-12-29,9
NT,0.0,0.0,0,2021-12-29,0
NSW,506.0,122.0,107,2021-12-29,628
ACT,4.0,8.0,7,2021-12-29,12
Australia,1104.0,1950.0,909,2021-12-29,3054
WA,0.0,0.0,0,2021-12-29,0
WA,0.0,0.0,0,2021-12-30,0
TAS,0.0,0.0,1,2021-12-30,0
SA,0.0,0.0,0,2021-12-30,0
QLD,12.0,0.0,1,2021-12-30,12
NT,0.0,0.0,0,2021-12-30,0
NSW,531.0,123.0,110,2021-12-30,654
ACT,4.0,8.0,7,2021-12-30,12
Australia,1129.0,1959.0,912,2021-12-30,3088
VIC,523.0,1828.0,792,2021-12-30,2351
Australia,1180.0,1983.0,915,2021-12-31,3163
ACT,4.0,8.0,7,2021-12-31,12
VIC,564.0,1806.0,792,2021-12-31,2370
TAS,0.0,0.0,1,2021-12-31,0
SA,0.0,0.0,0,2021-12-31,0
QLD,39.0,0.0,1,2021-12-31,39
NT,0.0,0.0,0,2021-12-31,0
NSW,552.0,123.0,111,2021-12-31,675
WA,0.0,0.0,0,2021-12-31,0
Australia,1180.0,1983.0,915,2022-01-01,3163
ACT,4.0,8.0,7,2022-01-01,12
NSW,552.0,123.0,111,2022-01-01,675
NT,0.0,0.0,0,2022-01-01,0
QLD,39.0,0.0,1,2022-01-01,39
SA,0.0,0.0,0,2022-01-01,0
TAS,0.0,0.0,1,2022-01-01,0
VIC,564.0,1806.0,792,2022-01-01,2370
WA,0.0,0.0,0,2022-01-01,0
NT,0.0,0.0,0,2022-01-02,0
ACT,4.0,8.0,7,2022-01-02,12
Australia,1180.0,1983.0,915,2022-01-02,3163
SA,0.0,0.0,0,2022-01-02,0
TAS,0.0,0.0,1,2022-01-02,0
QLD,39.0,0.0,1,2022-01-02,39
WA,0.0,0.0,0,2022-01-02,0
NSW,552.0,123.0,111,2022-01-02,675
VIC,564.0,1806.0,792,2022-01-02,2370
NT,0.0,0.0,0,2022-01-03,0
NSW,552.0,123.0,111,2022-01-03,675
QLD,39.0,0.0,1,2022-01-03,39
ACT,4.0,8.0,7,2022-01-03,12
SA,0.0,0.0,0,2022-01-03,0
TAS,0.0,0.0,1,2022-01-03,0
VIC,564.0,1806.0,792,2022-01-03,2370
WA,0.0,0.0,0,2022-01-03,0
Australia,1180.0,1983.0,915,2022-01-03,3163
WA,0.0,0.0,0,2022-01-04,0
VIC,562.0,1829.0,793,2022-01-04,2391
TAS,0.0,0.0,1,2022-01-04,0
SA,0.0,0.0,0,2022-01-04,0
NT,0.0,0.0,0,2022-01-04,0
NSW,652.0,123.0,114,2022-01-04,775
ACT,4.0,8.0,7,2022-01-04,12
Australia,1424.0,1960.0,919,2022-01-04,3384
QLD,80.0,0.0,1,2022-01-04,80
VIC,665.0,1831.0,793,2022-01-05,2496
WA,0.0,0.0,0,2022-01-05,0
TAS,0.0,0.0,1,2022-01-05,0
SA,0.0,0.0,0,2022-01-05,0
QLD,98.0,0.0,1,2022-01-05,98
NT,0.0,0.0,0,2022-01-05,0
NSW,735.0,123.0,116,2022-01-05,858
ACT,4.0,8.0,7,2022-01-05,12
Australia,1636.0,1962.0,921,2022-01-05,3598
VIC,714.0,1831.0,793,2022-01-06,2545
SA,0.0,0.0,0,2022-01-06,0
QLD,119.0,2.0,3,2022-01-06,121
NT,0.0,0.0,0,2022-01-06,0
NSW,830.0,123.0,117,2022-01-06,953
TAS,3.0,0.0,1,2022-01-06,3
Australia,1862.0,1964.0,924,2022-01-06,3826
WA,0.0,0.0,0,2022-01-06,0
ACT,4.0,8.0,7,2022-01-06,12
VIC,762.0,1832.0,793,2022-01-07,2594
TAS,24.0,0.0,1,2022-01-07,24
WA,0.0,0.0,0,2022-01-07,0
SA,255.0,0.0,3,2022-01-07,255
QLD,148.0,2.0,3,2022-01-07,150
NT,0.0,0.0,0,2022-01-07,0
NSW,934.0,124.0,117,2022-01-07,1058
ACT,4.0,8.0,7,2022-01-07,12
Australia,2127.0,1966.0,924,2022-01-07,4093
VIC,762.0,1832.0,793,2022-01-08,2594
Australia,2127.0,1966.0,924,2022-01-08,4093
ACT,4.0,8.0,7,2022-01-08,12
NSW,934.0,124.0,117,2022-01-08,1058
NT,0.0,0.0,0,2022-01-08,0
WA,0.0,0.0,0,2022-01-08,0
SA,255.0,0.0,3,2022-01-08,255
TAS,24.0,0.0,1,2022-01-08,24
QLD,148.0,2.0,3,2022-01-08,150
SA,255.0,0.0,3,2022-01-09,255
NT,0.0,0.0,0,2022-01-09,0
ACT,4.0,8.0,7,2022-01-09,12
WA,0.0,0.0,0,2022-01-09,0
VIC,762.0,1832.0,793,2022-01-09,2594
TAS,24.0,0.0,1,2022-01-09,24
NSW,934.0,124.0,117,2022-01-09,1058
QLD,148.0,2.0,3,2022-01-09,150
Australia,2127.0,1966.0,924,2022-01-09,4093
Australia,2625.0,2070.0,933,2022-01-10,4695
ACT,4.0,8.0,7,2022-01-10,12
NSW,1138.0,157.0,117,2022-01-10,1295
SA,0.0,0.0,0,2022-01-10,0
QLD,212.0,2.0,3,2022-01-10,214
TAS,33.0,0.0,1,2022-01-10,33
VIC,944.0,1841.0,798,2022-01-10,2785
WA,0.0,0.0,0,2022-01-10,0
NT,0.0,0.0,0,2022-01-10,0
TAS,38.0,4.0,1,2022-01-11,42
VIC,1054.0,1858.0,802,2022-01-11,2912
SA,0.0,0.0,0,2022-01-11,0
ACT,4.0,8.0,7,2022-01-11,12
NT,1.0,0.0,0,2022-01-11,1
NSW,1264.0,195.0,128,2022-01-11,1459
QLD,254.0,2.0,9,2022-01-11,256
WA,0.0,0.0,0,2022-01-11,0
Australia,2955.0,2130.0,954,2022-01-11,5085
Australia,3353.0,2206.0,964,2022-01-12,5559
NSW,1580.0,202.0,136,2022-01-12,1782
NT,5.0,0.0,0,2022-01-12,5
QLD,289.0,26.0,10,2022-01-12,315
SA,323.0,91.0,8,2022-01-12,414
TAS,37.0,7.0,1,2022-01-12,44
VIC,1115.0,1872.0,802,2022-01-12,2987
WA,0.0,0.0,0,2022-01-12,0
ACT,4.0,8.0,7,2022-01-12,12
WA,0.0,0.0,0,2022-01-13,0
VIC,1184.0,1882.0,803,2022-01-13,3066
SA,350.0,100.0,12,2022-01-13,450
QLD,340.0,27.0,11,2022-01-13,367
NT,5.0,0.0,0,2022-01-13,5
NSW,1733.0,225.0,143,2022-01-13,1958
ACT,4.0,8.0,7,2022-01-13,12
Australia,3653.0,2249.0,977,2022-01-13,5902
TAS,37.0,7.0,1,2022-01-13,44
ACT,4.0,8.0,7,2022-01-14,12
Australia,4015.0,2309.0,997,2022-01-14,6324
NT,8.0,0.0,0,2022-01-14,8
NSW,1926.0,245.0,154,2022-01-14,2171
SA,362.0,127.0,19,2022-01-14,489
TAS,37.0,7.0,1,2022-01-14,44
QLD,397.0,34.0,11,2022-01-14,431
VIC,1281.0,1888.0,805,2022-01-14,3169
WA,0.0,0.0,0,2022-01-14,0
ACT,4.0,8.0,7,2022-01-15,12
NSW,1926.0,245.0,154,2022-01-15,2171
QLD,397.0,34.0,11,2022-01-15,431
SA,362.0,127.0,19,2022-01-15,489
NT,8.0,0.0,0,2022-01-15,8
VIC,1281.0,1888.0,805,2022-01-15,3169
Australia,4015.0,2309.0,997,2022-01-15,6324
TAS,37.0,7.0,1,2022-01-15,44
WA,0.0,0.0,0,2022-01-15,0
Australia,4015.0,2309.0,997,2022-01-16,6324
ACT,4.0,8.0,7,2022-01-16,12
NSW,1926.0,245.0,154,2022-01-16,2171
NT,8.0,0.0,0,2022-01-16,8
QLD,397.0,34.0,11,2022-01-16,431
SA,362.0,127.0,19,2022-01-16,489
TAS,37.0,7.0,1,2022-01-16,44
VIC,1281.0,1888.0,805,2022-01-16,3169
WA,0.0,0.0,0,2022-01-16,0
NT,8.0,0.0,0,2022-01-17,8
WA,0.0,0.0,0,2022-01-17,0
VIC,1281.0,1888.0,805,2022-01-17,3169
TAS,37.0,7.0,1,2022-01-17,44
SA,362.0,127.0,19,2022-01-17,489
QLD,397.0,34.0,11,2022-01-17,431
NSW,1926.0,245.0,154,2022-01-17,2171
ACT,4.0,8.0,7,2022-01-17,12
Australia,4015.0,2309.0,997,2022-01-17,6324
WA,0.0,0.0,0,2022-01-18,0
VIC,1381.0,1926.0,809,2022-01-18,3307
TAS,42.0,8.0,1,2022-01-18,50
ACT,7.0,8.0,7,2022-01-18,15
QLD,419.0,58.0,18,2022-01-18,477
NT,8.0,0.0,0,2022-01-18,8
NSW,2571.0,275.0,176,2022-01-18,2846
SA,0.0,0.0,0,2022-01-18,0
Australia,4861.0,2463.0,1034,2022-01-18,7324
WA,0.0,0.0,0,2022-01-19,0
VIC,1485.0,2023.0,813,2022-01-19,3508
TAS,43.0,8.0,1,2022-01-19,51
SA,484.0,220.0,24,2022-01-19,704
QLD,498.0,117.0,28,2022-01-19,615
NT,12.0,0.0,0,2022-01-19,12
NSW,2854.0,419.0,199,2022-01-19,3273
ACT,17.0,8.0,7,2022-01-19,25
Australia,5393.0,2795.0,1072,2022-01-19,8188
VIC,,,818,2022-01-20,4106
Australia,,,1124,2022-01-20,10391
ACT,,,0,2022-01-20,72
NSW,,,222,2022-01-20,4115
NT,,,0,2022-01-20,13
QLD,,,44,2022-01-20,1206
SA,,,31,2022-01-20,819
TAS,,,1,2022-01-20,68
WA,,,0,2022-01-20,0
NSW,,,222,2022-01-21,4115
NT,,,0,2022-01-21,13
QLD,,,44,2022-01-21,1206
WA,,,0,2022-01-21,0
TAS,,,1,2022-01-21,68
VIC,,,818,2022-01-21,4106
Australia,,,1124,2022-01-21,10391
SA,,,31,2022-01-21,819
ACT,,,0,2022-01-21,72
